"DESCRIPTION","DURATION IN MS","NAME","PARENT SUITE","START TIME","STATUS","STOP TIME","SUB SUITE","SUITE","TEST CLASS","TEST METHOD"
"","35","нельзя забронировать собственный слот — 409 cannot_book_own_slot","api","2026-10-01","passed","2026-10-01","API: бронирование слота PomidorQA","tests/api/booking-api.spec.ts","",""
"","8559","Выход закрывает сессию","e2e","2026-10-01","passed","2026-10-01","Вход и выход","tests/e2e/auth-flow.spec.ts","",""
"","3","пересекающиеся слоты — overlap === true","unit","2026-10-01","passed","2026-10-01","Unit: пересечение слотов по времени","tests/unit/slots.spec.ts","",""
"","11379","Гость открывает карточку участника и видит слоты","e2e","2026-10-01","passed","2026-10-01","Гость: возможности неавторизованного пользователя","tests/e2e/guest-access.spec.ts","",""
"","3","слоты впритык друг к другу (конец первого = начало второго) — overlap === false","unit","2026-10-01","passed","2026-10-01","Unit: пересечение слотов по времени","tests/unit/slots.spec.ts","",""
"","10996","поиск по навыку находит карточку хоста со слотом","e2e","2026-10-01","passed","2026-10-01","Каталог: поиск","tests/e2e/catalog-search.spec.ts","",""
"","5008","Заполняем поле ""О себе""","e2e","2026-10-01","passed","2026-10-01","Заполнение профиля после регистрации","tests/e2e/profile-flow.spec.ts","",""
"","14095","Забронированный слот исчезает со страницы участника","e2e","2026-10-01","passed","2026-10-01","Состояние бронирования: окно подтверждения и календарь участника","tests/e2e/booking-state.spec.ts","",""
"","34","нельзя забронировать слот с датой в прошлом — 409 slot_in_past (сценарий 7)","api","2026-10-01","passed","2026-10-01","API: бронирование слота PomidorQA","tests/api/booking-api.spec.ts","",""
"","1","пароль короче 8 символов — невалиден","unit","2026-10-01","passed","2026-10-01","Валидация пароля при регистрации","tests/unit/slots.spec.ts","",""
"","7735","Удаление навыков «могу помочь», ""хочу разобрать""","e2e","2026-10-01","passed","2026-10-01","Заполнение профиля после регистрации","tests/e2e/profile-flow.spec.ts","",""
"","5048","Заполнение поля Telegram","e2e","2026-10-01","passed","2026-10-01","Заполнение профиля после регистрации","tests/e2e/profile-flow.spec.ts","",""
"","4","полностью совпадающие диапазоны — overlap === true","unit","2026-10-01","passed","2026-10-01","Unit: пересечение слотов по времени","tests/unit/slots.spec.ts","",""
"","13457","Приватные страницы недоступны гостю","e2e","2026-10-01","passed","2026-10-01","Гость: возможности неавторизованного пользователя","tests/e2e/guest-access.spec.ts","",""
"","3517","пароль короче 8 символов не проходит валидацию","e2e","2026-10-01","passed","2026-10-01","Форма регистрации","tests/e2e/register-form.spec.ts","",""
"","6133","Свободный слот можно удалить","e2e","2026-10-01","passed","2026-10-01","Мои слоты","tests/e2e/slots.spec.ts","",""
"","18071","Поиск не находит хоста по навыку из раздела «хочу разобрать» (KD-1)","e2e","2026-10-01","passed","2026-10-01","Известные дефекты продукта","tests/e2e/known-defects.spec.ts","",""
"","1","формат — только часы и минуты, без даты и секунд","unit","2026-10-01","passed","2026-10-01","Unit: отображение времени слота в часовом поясе участника","tests/unit/slots.spec.ts","",""
"","4062","email без «@» не проходит валидацию","e2e","2026-10-01","passed","2026-10-01","Форма регистрации","tests/e2e/register-form.spec.ts","",""
"","34","бронирование несуществующего слота — 404 slot_not_found","api","2026-10-01","passed","2026-10-01","API: бронирование слота PomidorQA","tests/api/booking-api.spec.ts","",""
"","10310","Гость видит карточку участника в каталоге","e2e","2026-10-01","passed","2026-10-01","Гость: возможности неавторизованного пользователя","tests/e2e/guest-access.spec.ts","",""
"","4734","уже зарегистрированный email — форма показывает ошибку сервера","e2e","2026-10-01","passed","2026-10-01","Форма регистрации","tests/e2e/register-form.spec.ts","",""
"","19392","Отмена запрещена позже чем за 2 часа до начала","e2e","2026-10-01","passed","2026-10-01","Отмена: окно 2 часа до начала","tests/e2e/cancel-window.spec.ts","",""
"","3970","Список часовых поясов соответствует спецификации","e2e","2026-10-01","passed","2026-10-01","Заполнение профиля после регистрации","tests/e2e/profile-flow.spec.ts","",""
"","12610","Гость видит на карточке участника полный профиль","e2e","2026-10-01","passed","2026-10-01","Публичный профиль участника","tests/e2e/public-profile.spec.ts","",""
"","76","повторное бронирование уже занятого слота — 409 slot_already_booked","api","2026-10-01","passed","2026-10-01","API: бронирование слота PomidorQA","tests/api/booking-api.spec.ts","",""
"","5616","Слоты на 25-минутной сетке можно ставить впритык: 12:00 и 12:25","e2e","2026-10-01","passed","2026-10-01","Длительность слота — 25 минут (R7.1): границы наблюдаемости","tests/e2e/slot-duration.spec.ts","",""
"","11939","пустая выдача и сброс результатов при смене запроса","e2e","2026-10-01","passed","2026-10-01","Каталог: поиск","tests/e2e/catalog-search.spec.ts","",""
"","5","повторная регистрация с тем же email — 409 email_taken","api","2026-10-01","passed","2026-10-01","API: регистрация участника PomidorQA","tests/api/booking-api.spec.ts","",""
"","21270","Забронированный слот удалить нельзя","e2e","2026-10-01","passed","2026-10-01","Мои встречи: отмена брони","tests/e2e/booking-cancel.spec.ts","",""
"","90","один и тот же момент времени показывается по-разному в разных поясах","unit","2026-10-01","passed","2026-10-01","Unit: отображение времени слота в часовом поясе участника","tests/unit/slots.spec.ts","",""
"","13289","Закрытие окна подтверждения не создаёт бронь","e2e","2026-10-01","passed","2026-10-01","Состояние бронирования: окно подтверждения и календарь участника","tests/e2e/booking-state.spec.ts","",""
"","10","пароль ровно 8 символов — валиден","unit","2026-10-01","passed","2026-10-01","Валидация пароля при регистрации","tests/unit/slots.spec.ts","",""
"","3","слот B целиком внутри слота A (вложенность) — overlap === true","unit","2026-10-01","passed","2026-10-01","Unit: пересечение слотов по времени","tests/unit/slots.spec.ts","",""
"","3522","пустая форма не отправляется — обязательные поля блокируют сабмит","e2e","2026-10-01","passed","2026-10-01","Форма регистрации","tests/e2e/register-form.spec.ts","",""
"","6100","Навык «хочу разобрать»: выбираем второй тип и добавляем","e2e","2026-10-01","passed","2026-10-01","Заполнение профиля после регистрации","tests/e2e/profile-flow.spec.ts","",""
"","5960","вход с неверными данными — одинаковая ошибка в обоих случаях, без уточнения причины","e2e","2026-10-01","passed","2026-10-01","Вход с неверными данными","tests/e2e/login-error.spec.ts","",""
"","3","слот A целиком позже слота B — overlap === false","unit","2026-10-01","passed","2026-10-01","Unit: пересечение слотов по времени","tests/unit/slots.spec.ts","",""
"","14695","После брони «Мои встречи» у гостя и хоста показывают только начало встречи","e2e","2026-10-01","passed","2026-10-01","Длительность слота — 25 минут (R7.1): границы наблюдаемости","tests/e2e/slot-duration.spec.ts","",""
"","49","бронирование свободного слота — 201, статус confirmed (сценарий 5)","api","2026-10-01","passed","2026-10-01","API: бронирование слота PomidorQA","tests/api/booking-api.spec.ts","",""
"","13192","Гость не может забронировать слот","e2e","2026-10-01","passed","2026-10-01","Гость: возможности неавторизованного пользователя","tests/e2e/guest-access.spec.ts","",""
"","5348","Поверхности брони показывают только начало слота, «25 минут» в диалоге — статичный текст","e2e","2026-10-01","passed","2026-10-01","Длительность слота — 25 минут (R7.1): границы наблюдаемости","tests/e2e/slot-duration.spec.ts","",""
"","3","слоты в разное время суток — overlap === false","unit","2026-10-01","passed","2026-10-01","Unit: пересечение слотов по времени","tests/unit/slots.spec.ts","",""
"","14361","Все часовые пояса сохраняются и возвращаются с сервера","e2e","2026-10-01","passed","2026-10-01","Заполнение профиля после регистрации","tests/e2e/profile-flow.spec.ts","",""
"","5","регистрация нового участника — 201, аккаунт создан с переданными данными","api","2026-10-01","passed","2026-10-01","API: регистрация участника PomidorQA","tests/api/booking-api.spec.ts","",""
"","12721","хост без слота не попадает в каталог, а появившись — не видит сам себя","e2e","2026-10-01","passed","2026-10-01","Каталог: поиск","tests/e2e/catalog-search.spec.ts","",""
"","20371","основной путь + гонка за слот: регистрация → навык → слот → поиск в каталоге → бронирование → «Мои встречи» у обоих → второй гость видит ошибку","e2e","2026-10-01","passed","2026-10-01","","tests/e2e/booking-flow.spec.ts","",""
"","11744","хост с навыком, но без слота, не виден; после добавления слота появляется","e2e","2026-10-01","passed","2026-10-01","Каталог: попадание в выдачу зависит от слота","tests/e2e/catalog-search.spec.ts","",""
"","4352","успешная регистрация нового пользователя через форму","e2e","2026-10-01","passed","2026-10-01","Форма регистрации","tests/e2e/register-form.spec.ts","",""
"","22699","отменённая встреча уходит в «Прошедшие и отменённые» — её видят гость и хост после перезагрузки","e2e","2026-10-01","passed","2026-10-01","Мои встречи: отмена брони","tests/e2e/booking-cancel.spec.ts","",""
"","4917","Пустой навык не добавляется","e2e","2026-10-01","passed","2026-10-01","Заполнение профиля после регистрации","tests/e2e/profile-flow.spec.ts","",""
"","6602","Навык: заполняем, выбираем, добавляем","e2e","2026-10-01","passed","2026-10-01","Заполнение профиля после регистрации","tests/e2e/profile-flow.spec.ts","",""
"","25988","Хост отменяет встречу — слот снова свободен и бронируется","e2e","2026-10-01","passed","2026-10-01","Мои встречи: отмена брони","tests/e2e/booking-cancel.spec.ts","",""
"","4680","Смена имени в профиле","e2e","2026-10-01","passed","2026-10-01","Заполнение профиля после регистрации","tests/e2e/profile-flow.spec.ts","",""
"","8019","Успешный вход держит сессию после перезагрузки","e2e","2026-10-01","passed","2026-10-01","Вход и выход","tests/e2e/auth-flow.spec.ts","",""
"","66","гонка двух одновременных броней на один слот — подтверждена ровно одна (сценарий 6)","api","2026-10-01","passed","2026-10-01","API: бронирование слота PomidorQA","tests/api/booking-api.spec.ts","",""
